t_ms,errH,errV,pulseH_us,pulseV_us,tl,tr,bl,br,v_panel_mV,i_panel_mA,v_load_mV,i_load_mA
0,273,-83,1500,1500,3845,1577,3210,3228,4033,139,3872,288
100,2096,-984,1380,1380,3815,1586,3126,3259,3993,137,3832,421
200,2126,-952,1380,1380,3821,1585,3124,3234,4032,161,3833,426
300,2338,-960,1380,1380,3871,1591,3240,3182,4062,186,3847,402
406,2547,-957,1380,1380,3926,1626,3378,3131,4084,206,3848,436
507,2694,-896,1380,1380,3977,1688,3483,3078,4105,219,3860,399
607,2760,-786,1380,1380,4023,1791,3564,3036,4114,224,3862,393
707,2720,-616,1380,1380,4052,1937,3605,3000,4106,221,3862,376
813,2552,-320,1380,1380,4068,2115,3551,2952,4093,212,3854,398
921,2299,31,1380,1500,4070,2308,3442,2905,4120,206,3887,280
1024,2088,316,1380,1500,4077,2553,3439,2875,4116,206,3886,287
1124,1931,517,1380,1620,4080,2764,3471,2856,4120,205,3893,273
1224,1829,629,1380,1620,4081,2919,3519,2852,4101,214,3864,388
1324,1822,574,1380,1620,4079,2953,3577,2881,4114,229,3859,392
1429,1874,416,1380,1620,4078,2912,3641,2933,4136,243,3875,394
1530,1985,201,1380,1500,4081,2751,3643,2988,4173,255,3896,277
1630,1998,96,1380,1500,4081,2670,3621,3034,4177,257,3896,292
1730,1796,240,1380,1500,4081,2817,3595,3063,4182,260,3902,277
1836,1569,413,1380,1500,4077,3000,3578,3086,4190,263,3905,274
1941,1357,585,1380,1620,4076,3180,3566,3105,4150,264,3860,439
2042,1267,615,1380,1620,4080,3289,3615,3139,4171,273,3878,390
2142,1466,310,1380,1620,4083,3122,3700,3195,4180,281,3879,388
2242,1722,-64,1380,1500,4085,2841,3734,3256,4216,286,3912,287
2342,1764,-190,1380,1500,4086,2760,3737,3299,4220,287,3913,272
2450,1575,-65,1380,1500,4086,2895,3715,3331,4220,289,3911,277
2551,1327,141,1380,1500,4086,3066,3659,3352,4225,291,3912,273
2651,1030,406,1380,1500,4086,3258,3570,3368,4221,293,3912,277
2758,713,625,1380,1620,4086,3423,3467,3417,4185,294,3880,412
2867,292,560,1500,1620,4086,3581,3447,3660,4209,300,3883,374
2974,56,376,1500,1620,4087,3707,3547,3871,4230,301,3891,329
3075,-56,282,1500,1500,4087,3777,3608,3974,4222,300,3932,208
3175,-104,224,1500,1500,4087,3803,3639,4027,4254,301,3936,208
3275,-131,193,1500,1500,4087,3818,3656,4056,4254,300,3903,206
3375,-144,178,1500,1500,4087,3825,3664,4070,4254,300,3943,202
3481,-150,168,1500,1500,4087,3828,3669,4078,4254,300,3932,207
3582,-152,162,1500,1500,4087,3829,3672,4082,4250,300,3936,208
3682,-149,155,1500,1500,4087,3829,3677,4084,4254,300,3936,208
3789,-146,150,1500,1500,4087,3830,3682,4085,4249,297,3932,208
3889,-142,144,1500,1500,4087,3831,3688,4086,4245,297,3928,205
3993,-141,141,1500,1500,4086,3832,3691,4086,4249,297,3932,208
4094,-142,142,1500,1500,4086,3831,3689,4086,4249,297,3932,207
4194,-142,142,1500,1500,4086,3828,3686,4086,4249,298,3936,208
4294,-144,142,1500,1500,4086,3825,3682,4087,4245,297,3936,207
4394,-144,142,1500,1500,4086,3821,3678,4087,4249,297,3932,205
4500,-145,143,1500,1500,4086,3822,3678,4087,4245,296,3936,208
4601,-143,141,1500,1500,4086,3824,3682,4087,4241,294,3936,206
4701,-139,137,1500,1500,4086,3827,3689,4087,4241,293,3932,208
4804,-134,132,1500,1500,4086,3828,3695,4087,4241,293,3932,224
4912,-132,130,1500,1500,4086,3826,3695,4087,4241,294,3932,207
5012,-134,132,1500,1500,4086,3824,3691,4087,4245,295,3932,208
5113,-134,132,1500,1500,4086,3819,3686,4087,4241,295,3932,208
5213,-134,132,1500,1500,4086,3815,3682,4087,4245,294,3932,209
5313,-135,133,1500,1500,4086,3813,3679,4087,4241,294,3932,207
5421,-139,137,1500,1500,4086,3817,3679,4087,4241,291,3928,208
5521,-139,137,1500,1500,4086,3821,3683,4087,4236,289,3928,205
5622,-136,134,1500,1500,4086,3823,3688,4087,4237,290,3932,204
5722,-137,135,1500,1500,4086,3819,3683,4087,4241,291,3932,207
5825,-134,132,1500,1500,4086,3809,3676,4087,4241,293,3928,208
5930,-130,128,1500,1500,4086,3801,3672,4087,4241,292,3936,208
6030,-132,130,1500,1500,4086,3803,3672,4087,4237,290,3928,209
6131,-129,127,1500,1500,4086,3807,3679,4087,4236,289,3932,208
6231,-122,120,1500,1500,4086,3807,3686,4087,4236,289,3928,208
6331,-116,114,1500,1500,4086,3808,3693,4087,4236,288,3928,208
6439,-114,112,1500,1500,4086,3809,3696,4087,4232,285,3928,208
6539,-113,111,1500,1500,4086,3808,3696,4087,4232,284,3928,205
6640,-115,113,1500,1500,4086,3805,3691,4087,4212,286,3928,204
6755,-124,122,1500,1500,4086,3803,3680,4087,4232,288,3927,205
6855,-131,129,1500,1500,4086,3802,3672,4087,4236,286,3928,208
6960,-135,133,1500,1500,4086,3802,3668,4087,4228,284,3932,208
7061,-140,138,1500,1500,4086,3805,3666,4087,4232,284,3928,208
7161,-142,140,1500,1500,4086,3803,3662,4087,4232,285,3928,205
7261,-144,142,1500,1500,4086,3799,3656,4087,4236,285,3928,206
7361,-144,142,1500,1500,4086,3793,3650,4087,4232,285,3932,206
7467,-146,144,1500,1500,4086,3790,3645,4087,4228,283,3928,208
7568,-152,150,1500,1500,4086,3793,3642,4087,4228,283,3928,208
7668,-154,154,1500,1500,4087,3793,3639,4087,4228,283,3932,208
7772,-154,152,1500,1500,4086,3791,3638,4087,4232,283,3928,208
7873,-152,150,1500,1500,4086,3788,3637,4087,4228,283,3926,214
7979,-149,147,1500,1500,4086,3786,3638,4087,4228,281,3928,205
8080,-150,150,1500,1500,4086,3786,3636,4086,4228,281,3928,209
8180,-149,149,1500,1500,4086,3783,3634,4086,4224,281,3928,205
8280,-149,147,1500,1500,4086,3775,3627,4087,4228,283,3928,205
8380,-142,140,1500,1500,4086,3767,3626,4087,4208,283,3928,204
8486,-142,140,1500,1500,4086,3763,3622,4087,4228,282,3935,209
8587,-148,146,1500,1500,4086,3765,3618,4087,4212,281,3932,208
8687,-156,154,1500,1500,4086,3769,3614,4087,4204,280,3928,208
8793,-158,156,1500,1500,4086,3769,3612,4087,4228,280,3928,206
8894,-150,148,1500,1500,4086,3765,3616,4087,4200,280,3932,227
8998,-142,140,1500,1500,4086,3759,3618,4087,4224,280,3928,209
9099,-145,145,1500,1500,4086,3757,3612,4086,4224,280,3928,222
9199,-145,145,1500,1500,4086,3754,3609,4086,4204,281,3928,208
9299,-140,138,1500,1500,4086,3752,3613,4087,4228,282,3890,204
9416,-127,125,1500,1500,4086,3750,3624,4087,4228,282,3922,222
9516,-120,118,1500,1500,4086,3747,3628,4087,4232,281,3928,205
9617,-128,126,1500,1500,4086,3747,3620,4087,4223,279,3928,206
9717,-144,142,1500,1500,4086,3756,3613,4087,4223,277,3918,217
9822,-149,147,1500,1500,4086,3763,3615,4087,4223,275,3928,210
9925,-145,143,1500,1500,4086,3763,3619,4087,4219,276,3936,281
10025,-132,130,1500,1500,4086,3757,3626,4087,4223,277,3928,208
10126,-120,118,1500,1500,4086,3750,3631,4087,4227,279,3928,208
10226,-113,111,1500,1500,4086,3747,3635,4087,4223,279,3932,208
10326,-113,111,1500,1500,4086,3748,3636,4087,4199,277,3928,208
10433,-122,120,1500,1500,4086,3757,3636,4087,4219,275,3928,207
10533,-132,130,1500,1500,4086,3768,3637,4087,4215,273,3928,204
10634,-141,137,1500,1500,4085,3775,3636,4087,4195,273,3928,207
10751,-148,146,1500,1500,4085,3771,3624,4086,4207,275,3923,222
10851,-141,141,1500,1500,4086,3756,3615,4086,4223,277,3928,207
10954,-127,125,1500,1500,4086,3748,3622,4087,4223,279,3928,206
11054,-117,117,1500,1500,4086,3745,3628,4086,4223,279,3928,204
11155,-119,119,1500,1500,4086,3742,3623,4086,4223,276,3928,204
11255,-133,131,1500,1500,4086,3742,3610,4087,4215,274,3928,207
11355,-146,146,1500,1500,4086,3748,3602,4086,4219,273,3928,209
11456,-144,146,1500,1500,4087,3746,3601,4086,4215,274,3926,226
11556,-136,138,1500,1500,4087,3742,3605,4086,4215,277,3928,208
11657,-121,121,1500,1500,4086,3739,3618,4086,4215,278,3924,209
11762,-110,110,1500,1500,4086,3737,3627,4086,4223,278,3932,207
11862,-111,109,1500,1500,4086,3737,3627,4087,4195,275,3928,206
11969,-122,122,1500,1500,4086,3745,3623,4086,4219,273,3928,209
12069,-132,132,1500,1500,4086,3757,3625,4086,4195,272,3928,209
12170,-138,136,1500,1500,4086,3764,3627,4087,4211,273,3928,209
12270,-135,131,1500,1500,4085,3761,3628,4087,4219,274,3924,209
12370,-129,125,1500,1500,4085,3755,3628,4087,4223,275,3895,205
12476,-122,120,1500,1500,4086,3749,3628,4087,4219,275,3928,317
12576,-121,119,1500,1500,4086,3747,3627,4087,4215,274,3899,211
12677,-124,124,1500,1500,4086,3750,3626,4086,4219,272,3929,319
12778,-128,128,1500,1500,4086,3756,3628,4086,4207,271,3923,250
12887,-128,126,1500,1500,4086,3760,3633,4087,4187,272,3924,208
12994,-127,125,1500,1500,4086,3763,3637,4087,4215,273,3928,209
13094,-124,122,1500,1500,4086,3761,3638,4087,4215,274,3928,209
13195,-123,121,1500,1500,4086,3759,3637,4087,4215,275,3924,208
13295,-121,119,1500,1500,4086,3759,3639,4087,4195,274,3928,208
13395,-122,120,1500,1500,4086,3761,3640,4087,4215,272,3908,267
13503,-123,121,1500,1500,4086,3766,3644,4087,4215,272,3924,206
13603,-121,119,1500,1500,4086,3769,3649,4087,4191,272,3929,206
13704,-117,115,1500,1500,4086,3768,3652,4087,4191,271,3924,206
13808,-114,108,1500,1500,4084,3765,3654,4087,4191,272,3924,208
13914,-111,107,1500,1500,4085,3764,3655,4087,4215,272,3924,207
14014,-111,109,1500,1500,4086,3766,3656,4087,4215,271,3928,208
14114,-113,109,1500,1500,4085,3770,3659,4087,4215,271,3924,209
14215,-114,110,1500,1500,4085,3774,3662,4087,4211,270,3897,208
14315,-117,113,1500,1500,4085,3777,3662,4087,4214,270,3924,321
14421,-119,113,1500,1500,4084,3775,3659,4087,4203,271,3928,205
14521,-119,115,1500,1500,4085,3771,3654,4087,4215,272,3899,217
14621,-113,111,1500,1500,4086,3763,3651,4087,4215,273,3928,215
14723,-110,108,1500,1500,4086,3759,3650,4087,4215,272,3926,264
14823,-108,104,1500,1500,4085,3760,3654,4087,4211,270,3928,206
14930,-108,104,1500,1500,4085,3766,3660,4087,4206,269,3928,318
15030,-101,97,1500,1500,4085,3769,3670,4087,4210,268,3924,209
15130,-96,92,1500,1500,4085,3771,3677,4087,4206,268,3924,208
15231,-92,90,1500,1500,4086,3771,3680,4087,4214,269,3924,208
15331,-93,89,1500,1500,4085,3770,3679,4087,4215,270,3928,205
15438,-98,94,1500,1500,4085,3770,3674,4087,4215,271,3928,204
15538,-103,99,1500,1500,4085,3770,3669,4087,4215,270,3928,207
15638,-105,103,1500,1500,4086,3769,3665,4087,4215,270,3928,209
15746,-106,104,1500,1500,4086,3768,3663,4087,4207,270,3922,209
15846,-104,102,1500,1500,4086,3769,3666,4087,4210,269,3928,208
15950,-100,98,1500,1500,4086,3769,3670,4087,4206,269,3928,208
16050,-96,92,1500,1500,4085,3770,3676,4087,4215,269,3924,209
16152,-88,84,1500,1500,4085,3768,3682,4087,4214,268,3928,209
16261,-78,76,1500,1500,4086,3768,3691,4087,4206,268,3923,309
16361,-71,69,1500,1500,4086,3770,3700,4087,4210,266,3925,209
16469,-67,65,1500,1500,4086,3770,3704,4087,4202,266,3924,209
16569,-71,69,1500,1500,4086,3770,3700,4087,4210,267,3907,258
16670,-77,75,1500,1500,4086,3768,3692,4087,4210,267,3924,318
16775,-84,82,1500,1500,4086,3766,3683,4087,4214,268,3888,206
16875,-89,85,1500,1500,4085,3763,3676,4087,4210,268,3918,249
16979,-91,87,1500,1500,4085,3763,3674,4087,4206,267,3888,205
17079,-88,84,1500,1500,4085,3763,3677,4087,4210,267,3925,319
17180,-86,80,1500,1500,4084,3765,3682,4087,4210,266,3921,250
17280,-81,77,1500,1500,4085,3767,3688,4087,4206,265,3924,204
17380,-81,77,1500,1500,4085,3767,3688,4087,4206,265,3924,223
17489,-82,78,1500,1500,4085,3764,3684,4087,4210,266,3924,279
17589,-84,80,1500,1500,4085,3761,3679,4087,4206,267,3928,210
17690,-86,84,1500,1500,4085,3760,3675,4086,4206,267,3924,209
17796,-83,83,1500,1500,4086,3758,3675,4086,4210,265,3927,231
17904,-83,81,1500,1500,4085,3760,3678,4086,4206,265,3922,229
18013,-82,80,1500,1500,4085,3761,3680,4086,4206,265,3920,206
18113,-85,77,1500,1500,4083,3762,3681,4087,4206,264,3924,207
18214,-83,79,1500,1500,4085,3761,3680,4087,4210,265,3924,207
18314,-85,81,1500,1500,4085,3760,3677,4087,4190,266,3924,206
18419,-85,83,1500,1500,4086,3758,3674,4087,4182,265,3924,208
18519,-89,85,1500,1500,4085,3758,3671,4087,4198,265,3924,205
18619,-87,83,1500,1500,4085,3756,3671,4087,4206,264,3924,205
18721,-85,81,1500,1500,4085,3756,3673,4087,4202,262,3912,287
18824,-79,79,1500,1500,4086,3756,3677,4086,4202,262,3889,209
18930,-78,78,1500,1500,4086,3758,3680,4086,4206,262,3924,206
19030,-78,76,1500,1500,4086,3757,3680,4087,4182,263,3924,208
19130,-78,76,1500,1500,4086,3757,3680,4087,4202,263,3886,207
19231,-80,76,1500,1500,4085,3756,3678,4087,4202,263,3904,250
19331,-81,77,1500,1500,4085,3756,3677,4087,4206,262,3924,212
19437,-80,78,1500,1500,4086,3756,3677,4087,4202,261,3889,214
19537,-81,79,1500,1500,4086,3757,3677,4087,4202,261,3925,219
19637,-81,77,1500,1500,4085,3754,3675,4087,4206,261,3924,205
19750,-78,74,1500,1500,4085,3753,3677,4087,4186,261,3924,210
19859,-78,74,1500,1500,4085,3754,3678,4087,4202,261,3925,209
19965,-75,69,1500,1500,4084,3753,3681,4087,4202,260,3924,208
20065,-72,66,1500,1500,4084,3753,3684,4087,4197,259,3924,206
20165,-70,66,1500,1500,4085,3754,3686,4087,4201,259,3920,208
20266,-70,66,1500,1500,4085,3755,3687,4087,4197,258,3924,208
20366,-69,67,1500,1500,4086,3754,3686,4087,4197,259,3924,205
20470,-75,71,1500,1500,4085,3753,3680,4087,4201,259,3924,209
20570,-77,73,1500,1500,4085,3750,3675,4087,4201,260,3920,206
20670,-79,77,1500,1500,4085,3750,3672,4086,4197,259,3925,208
20777,-79,75,1500,1500,4084,3750,3673,4086,4201,258,3924,208
20878,-74,70,1500,1500,4085,3750,3678,4087,4197,257,3914,209
20984,-67,63,1500,1500,4085,3752,3687,4087,4197,256,3924,208
21084,-62,58,1500,1500,4085,3752,3692,4087,4193,256,3920,209
21184,-64,62,1500,1500,4086,3751,3688,4087,4197,257,3920,205
21285,-66,62,1500,1500,4085,3749,3685,4087,4193,258,3920,205
21385,-65,63,1500,1500,4086,3747,3683,4087,4193,258,3918,215
21491,-63,57,1500,1500,4084,3747,3687,4087,4193,256,3924,209
21591,-56,52,1500,1500,4085,3749,3695,4087,4177,254,3920,210
21691,-51,47,1500,1500,4085,3750,3701,4087,4193,254,3920,209
21799,-52,46,1500,1500,4084,3750,3701,4087,4197,256,3924,209
21909,-47,43,1500,1500,4085,3750,3705,4087,4189,256,3922,214
22018,-44,40,1500,1500,4085,3756,3714,4087,4193,253,3920,208
22118,-41,39,1500,1500,4086,3766,3726,4087,4189,251,3920,208
22218,-41,39,1500,1500,4086,3772,3732,4087,4193,252,3920,205
22319,-40,38,1500,1500,4086,3768,3729,4087,4197,254,3924,205
22421,-42,40,1500,1500,4086,3759,3718,4087,4193,256,3920,207
22521,-49,47,1500,1500,4086,3751,3703,4087,4197,256,3911,205
22621,-50,48,1500,1500,4086,3747,3698,4087,4193,255,3920,207
22721,-47,45,1500,1500,4086,3751,3705,4087,4189,253,3924,209
22828,-42,40,1500,1500,4086,3758,3717,4087,4193,253,3920,208
22935,-42,40,1500,1500,4086,3764,3723,4087,4189,253,3920,208
23035,-42,40,1500,1500,4086,3762,3721,4087,4193,253,3924,209
23135,-46,44,1500,1500,4086,3756,3711,4087,4193,253,3920,205
23237,-54,50,1500,1500,4085,3749,3697,4087,4193,255,3920,206
23346,-61,57,1500,1500,4084,3745,3686,4086,4193,255,3920,209
23453,-62,60,1500,1500,4085,3744,3683,4086,4193,254,3920,208
23553,-59,57,1500,1500,4085,3745,3687,4086,4193,253,3920,205
23653,-53,49,1500,1500,4085,3748,3697,4087,4189,251,3924,209
23764,-49,43,1500,1500,4084,3751,3705,4087,4189,252,3898,229
23873,-46,42,1500,1500,4085,3751,3707,4087,4193,253,3924,208
23979,-45,41,1500,1500,4085,3747,3704,4087,4189,254,3924,208
24079,-46,42,1500,1500,4085,3744,3700,4087,4193,254,3920,209
24179,-42,38,1500,1500,4085,3743,3703,4087,4189,253,3920,209
24280,-38,34,1500,1500,4085,3745,3709,4087,4193,252,3924,208
24380,-36,32,1500,1500,4085,3749,3715,4087,4185,251,3914,222
24486,-37,33,1500,1500,4085,3750,3715,4087,4189,251,3920,205
24586,-40,34,1500,1500,4084,3749,3712,4087,4189,251,3924,209
24686,-42,38,1500,1500,4085,3745,3705,4087,4193,252,3920,209
24790,-46,42,1500,1500,4085,3742,3698,4087,4189,252,3903,219
24891,-42,38,1500,1500,4085,3736,3696,4087,4189,252,3914,209
24997,-40,38,1500,1500,4085,3735,3696,4086,4189,252,3920,209
25097,-37,35,1500,1500,4085,3735,3699,4086,4189,252,3920,210
25197,-37,33,1500,1500,4085,3738,3703,4087,4189,252,3920,208
25298,-36,32,1500,1500,4085,3741,3707,4087,4189,251,3920,208
25413,-41,35,1500,1500,4084,3741,3703,4087,4185,251,3923,231
25522,-46,38,1500,1500,4083,3732,3690,4087,4189,253,3920,206
25622,-54,48,1500,1500,4084,3727,3676,4087,4193,254,3916,208
25723,-57,55,1500,1500,4085,3723,3667,4086,4189,254,3918,208
25827,-60,58,1500,1500,4085,3721,3662,4086,4193,254,3920,209
25933,-59,51,1500,1500,4083,3720,3665,4087,4193,252,3920,207
26033,-51,43,1500,1500,4083,3721,3674,4087,4189,251,3925,205
26133,-42,34,1500,1500,4083,3725,3687,4087,4189,250,3920,207
26233,-36,30,1500,1500,4084,3731,3698,4087,4184,249,3920,209
26334,-31,27,1500,1500,4085,3733,3704,4087,4188,249,3920,209
26440,-31,25,1500,1500,4084,3730,3702,4087,4185,249,3914,205
26549,-34,30,1500,1500,4085,3726,3694,4087,4189,250,3926,221
26649,-39,35,1500,1500,4085,3723,3686,4087,4184,250,3916,233
26749,-42,38,1500,1500,4084,3721,3681,4086,4184,249,3920,208
26852,-46,42,1500,1500,4084,3720,3676,4086,4188,249,3920,208
26959,-47,43,1500,1500,4084,3717,3672,4086,4193,250,3920,208
27059,-45,41,1500,1500,4084,3715,3672,4086,4189,250,3920,206
27159,-46,42,1500,1500,4084,3716,3672,4086,4180,248,3921,209
27259,-45,41,1500,1500,4084,3717,3674,4086,4184,247,3920,209
27360,-50,42,1500,1500,4083,3719,3673,4087,4184,247,3920,208
27468,-52,46,1500,1500,4084,3716,3667,4087,4184,248,3920,210
27568,-58,52,1500,1500,4084,3715,3660,4087,4184,248,3920,208
27668,-60,52,1500,1500,4083,3712,3656,4087,4184,248,3920,209
27770,-63,51,1500,1500,4081,3713,3656,4087,4184,247,3920,209
27872,-61,51,1500,1500,4082,3712,3656,4087,4180,247,3914,206
27978,-60,50,1500,1500,4081,3713,3658,4086,4184,247,3920,205
28078,-59,47,1500,1500,4081,3712,3659,4087,4184,247,3920,203
28178,-60,48,1500,1500,4080,3711,3657,4086,4184,247,3921,207
28278,-61,49,1500,1500,4080,3710,3655,4086,4184,246,3920,209
28379,-62,50,1500,1500,4080,3709,3653,4086,4180,246,3902,223
28484,-62,48,1500,1500,4079,3708,3653,4086,4184,246,3920,206
28584,-58,44,1500,1500,4080,3708,3657,4087,4180,245,3920,207
28684,-53,39,1500,1500,4080,3710,3664,4087,4176,244,3921,205
28787,-48,34,1500,1500,4079,3712,3671,4086,4180,244,3920,205
28904,-50,34,1500,1500,4079,3714,3672,4087,4172,244,3918,223
29004,-56,40,1500,1500,4079,3712,3664,4087,4180,245,3920,205
29104,-63,47,1500,1500,4079,3708,3653,4087,4184,246,3917,218
29204,-64,50,1500,1500,4080,3705,3648,4087,4184,245,3920,207
29304,-63,49,1500,1500,4080,3704,3648,4087,4180,244,3921,209
29405,-58,42,1500,1500,4079,3707,3657,4087,4180,243,3910,221
29506,-48,34,1500,1500,4080,3712,3671,4087,4180,242,3910,209
29606,-42,28,1500,1500,4080,3716,3681,4087,4180,242,3916,209
29706,-39,25,1500,1500,4080,3717,3685,4087,4176,241,3916,208
29811,-36,20,1500,1500,4078,3716,3688,4086,4176,242,3920,206
29917,-35,19,1500,1500,4078,3712,3685,4086,4176,243,3920,210
30017,-39,21,1500,1500,4078,3709,3679,4087,4176,242,3916,208
30117,-40,22,1500,1500,4078,3707,3676,4087,4180,242,3892,207
30217,-39,23,1500,1500,4078,3708,3677,4086,4172,240,3916,206
30317,-39,21,1500,1500,4078,3712,3682,4087,4176,240,3920,206
30423,-36,22,1500,1500,4080,3718,3689,4087,4171,239,3916,209
30523,-33,21,1500,1500,4081,3720,3693,4087,4175,238,3916,209
30623,-33,21,1500,1500,4081,3720,3693,4087,4171,239,3913,214
30724,-30,18,1500,1500,4080,3716,3692,4086,4176,240,3916,207
30830,-31,17,1500,1500,4079,3718,3694,4086,4176,240,3916,206
30934,-31,19,1500,1500,4081,3727,3702,4087,4171,237,3916,207
31034,-34,26,1500,1500,4083,3737,3707,4087,4167,236,3912,206
31134,-35,27,1500,1500,4083,3738,3707,4087,4171,236,3916,207
31234,-37,23,1500,1500,4080,3728,3698,4087,4171,239,3920,205
31334,-40,22,1500,1500,4078,3711,3680,4087,4176,241,3916,208
31442,-49,23,1500,1500,4074,3700,3664,4087,4172,241,3920,209
31542,-50,26,1500,1500,4075,3696,3658,4087,4176,240,3916,209
31642,-45,21,1500,1500,4075,3698,3665,4087,4171,238,3916,209
31748,-40,20,1500,1500,4077,3708,3678,4087,4171,238,3910,224
31848,-35,21,1500,1500,4080,3716,3688,4087,4175,238,3916,205
31957,-32,22,1500,1500,4082,3722,3695,4087,4171,237,3916,205
32057,-32,26,1500,1500,4083,3726,3697,4086,4167,237,3916,208
32157,-35,27,1500,1500,4082,3727,3696,4086,4175,237,3916,209
32257,-36,26,1500,1500,4081,3725,3694,4086,4171,237,3916,209
32357,-34,22,1500,1500,4080,3722,3694,4086,4167,237,3916,209
32464,-32,22,1500,1500,4081,3723,3696,4086,4171,237,3916,205
32564,-33,21,1500,1500,4081,3725,3698,4087,4167,236,3916,220
32664,-33,25,1500,1500,4083,3728,3699,4087,4167,235,3916,207
32768,-34,22,1500,1500,4081,3722,3694,4087,4171,237,3916,209
32869,-36,18,1500,1500,4078,3710,3683,4087,4171,238,3916,206
32976,-40,18,1500,1500,4076,3700,3671,4087,4171,238,3916,206
33076,-44,18,1500,1500,4074,3700,3669,4087,4167,237,3920,207
33176,-41,19,1500,1500,4076,3705,3675,4087,4167,236,3916,208
33276,-39,19,1500,1500,4077,3709,3680,4087,4171,236,3920,209
33376,-37,15,1500,1500,4076,3707,3681,4087,4167,236,3916,209
33485,-39,17,1500,1500,4075,3701,3673,4086,4172,240,3916,209
33585,-45,19,1500,1500,4073,3696,3664,4086,4176,241,3920,208
33685,-46,20,1500,1500,4073,3692,3659,4086,4176,241,3916,206
33792,-46,18,1500,1500,4072,3694,3662,4086,4176,240,3916,204
33910,-42,14,1500,1500,4073,3699,3671,4087,4171,238,3915,214
34010,-40,14,1500,1500,4074,3706,3679,4087,4171,237,3916,204
34110,-41,15,1500,1500,4074,3709,3681,4087,4171,237,3916,207
34210,-44,18,1500,1500,4074,3704,3673,4087,4171,238,3916,209
34310,-52,22,1500,1500,4072,3696,3659,4087,4172,240,3916,209
34417,-55,27,1500,1500,4073,3689,3648,4087,4168,241,3910,225
34526,-56,26,1500,1500,4072,3687,3646,4087,4175,239,3907,238
34626,-49,21,1500,1500,4072,3693,3658,4086,4171,237,3916,208
34726,-45,17,1500,1500,4073,3703,3672,4087,4167,238,3916,218
34829,-43,15,1500,1500,4073,3709,3680,4087,4171,238,3916,209
34937,-42,12,1500,1500,4072,3705,3678,4087,4172,240,3916,206
35037,-47,13,1500,1500,4070,3697,3667,4087,4180,241,3916,207
35137,-52,18,1500,1500,4070,3692,3657,4087,4176,241,3921,206
35237,-55,21,1500,1500,4069,3690,3652,4086,4175,239,3916,208
35337,-55,19,1500,1500,4068,3690,3653,4086,4171,238,3916,209
35444,-51,15,1500,1500,4068,3693,3660,4086,4171,237,3916,208
35544,-51,13,1500,1500,4067,3694,3662,4086,4167,238,3916,208
35644,-52,14,1500,1500,4067,3691,3658,4086,4175,239,3916,205
35750,-59,21,1500,1500,4067,3688,3648,4086,4156,240,3922,209
35850,-62,20,1500,1500,4065,3683,3642,4086,4172,240,3916,210
35955,-62,18,1500,1500,4065,3682,3642,4087,4163,238,3916,205
36055,-58,14,1500,1500,4064,3684,3648,4086,4171,237,3920,207
36155,-52,10,1500,1500,4065,3686,3655,4086,4171,236,3921,207
36255,-49,11,1500,1500,4067,3689,3659,4086,4171,237,3916,208
36355,-50,10,1500,1500,4066,3687,3657,4086,4171,238,3916,208
36458,-56,12,1500,1500,4064,3685,3651,4086,4171,239,3912,208
36558,-59,11,1500,1500,4062,3682,3647,4086,4175,239,3916,209
36658,-59,15,1500,1500,4064,3680,3643,4086,4171,239,3920,208
36765,-55,13,1500,1500,4065,3680,3646,4086,4171,238,3916,208
36865,-53,9,1500,1500,4064,3682,3651,4086,4167,237,3912,206
36971,-50,10,1500,1500,4066,3684,3654,4086,4171,237,3916,207
37071,-53,9,1500,1500,4064,3686,3655,4086,4171,236,3917,209
37171,-50,8,1500,1500,4065,3684,3655,4086,4167,238,3916,209
37271,-52,6,1500,1500,4064,3683,3654,4087,4171,239,3920,208
37371,-49,5,1500,1500,4065,3681,3654,4087,4171,238,3916,209
37478,-45,3,1500,1500,4066,3680,3656,4087,4171,237,3917,208
37578,-47,1,1500,1500,4064,3683,3659,4087,4171,236,3916,207
37678,-45,1,1500,1500,4065,3686,3663,4087,4171,236,3920,209
37783,-43,1,1500,1500,4066,3688,3666,4087,4171,236,3916,209
37883,-42,2,1500,1500,4066,3688,3666,4086,4147,236,3921,263
37991,-42,2,1500,1500,4066,3689,3667,4086,4167,235,3912,207
38091,-42,4,1500,1500,4067,3689,3666,4086,4167,235,3916,207
38191,-44,2,1500,1500,4065,3688,3665,4086,4167,236,3920,208
38291,-46,0,1500,1500,4064,3688,3665,4087,4171,236,3917,209
38409,-42,0,1500,1500,4065,3688,3667,4086,4167,236,3915,208
38509,-39,-1,1500,1500,4066,3690,3671,4086,4167,234,3920,209
38609,-37,3,1500,1500,4069,3692,3672,4086,4167,234,3916,237
38709,-41,-1,1500,1500,4065,3691,3671,4086,4167,235,3916,209
38814,-44,-2,1500,1500,4064,3688,3667,4087,4171,236,3917,207
38923,-49,-3,1500,1500,4061,3687,3664,4087,4167,235,3916,207
39024,-48,-2,1500,1500,4062,3686,3663,4087,4167,234,3916,207
39124,-52,-4,1500,1500,4059,3685,3661,4087,4167,234,3916,208
39224,-49,-3,1500,1500,4060,3685,3662,4086,4167,235,3916,209
39324,-46,-2,1500,1500,4062,3685,3663,4086,4167,235,3920,209
39430,-44,-4,1500,1500,4063,3687,3667,4087,4163,234,3910,219
39531,-41,-1,1500,1500,4066,3692,3672,4087,4167,233,3916,207
39631,-40,2,1500,1500,4068,3700,3679,4087,4163,233,3917,205
39746,-41,11,1500,1500,4072,3710,3684,4087,4159,233,3914,213
39846,-37,13,1500,1500,4075,3712,3687,4087,4163,234,3916,208
39953,-34,10,1500,1500,4075,3708,3686,4087,4167,234,3908,208
40054,-35,5,1500,1500,4072,3704,3684,4087,4167,235,3916,209
40154,-34,4,1500,1500,4072,3702,3683,4087,4167,235,3916,206
40254,-34,8,1500,1500,4074,3706,3685,4087,4163,234,3912,207
40354,-37,15,1500,1500,4076,3714,3688,4087,4167,233,3916,205
40460,-37,19,1500,1500,4078,3724,3696,4087,4163,232,3916,210
40561,-38,20,1500,1500,4078,3727,3698,4087,4163,233,3916,209
40661,-37,21,1500,1500,4079,3725,3696,4087,4167,234,3916,208
40765,-36,20,1500,1500,4079,3720,3692,4087,4163,235,3916,208
40874,-36,18,1500,1500,4078,3715,3688,4087,4167,235,3916,208
40983,-37,19,1500,1500,4077,3716,3688,4086,4167,234,3916,209
41092,-37,21,1500,1500,4078,3721,3692,4086,4167,234,3910,207
41192,-42,24,1500,1500,4078,3729,3696,4087,4163,233,3916,208
41292,-43,27,1500,1500,4079,3736,3701,4087,4167,233,3916,208
41392,-44,28,1500,1500,4079,3736,3700,4087,4167,235,3906,227
41499,-41,25,1500,1500,4079,3728,3695,4087,4167,235,3916,205
41599,-36,16,1500,1500,4077,3715,3689,4087,4167,234,3916,209
41699,-38,8,1500,1500,4072,3704,3681,4087,4167,234,3916,206
41805,-41,1,1500,1500,4067,3695,3674,4087,4167,235,3916,210
41911,-42,-6,1500,1500,4063,3687,3669,4087,4155,235,3914,222
42011,-42,-10,1500,1500,4060,3683,3667,4086,4167,233,3917,208
42111,-42,-10,1500,1500,4060,3685,3669,4086,4163,232,3916,204
42211,-39,-5,1500,1500,4064,3690,3673,4086,4163,231,3920,208
42311,-40,2,1500,1500,4067,3696,3675,4086,4163,231,3916,207
42417,-43,3,1500,1500,4067,3696,3673,4087,4163,231,3912,205
42518,-45,-5,1500,1500,4062,3687,3667,4087,4163,231,3912,205
42618,-45,-11,1500,1500,4059,3675,3658,4087,4163,232,3916,206
42719,-49,-15,1500,1500,4055,3670,3653,4087,4167,232,3912,226
42821,-47,-17,1500,1500,4054,3671,3656,4086,4163,231,3908,203
42927,-48,-12,1500,1500,4056,3678,3660,4086,4159,230,3917,227
43028,-47,-9,1500,1500,4058,3683,3664,4086,4163,230,3920,207
43128,-46,-10,1500,1500,4058,3680,3662,4086,4163,231,3913,206
43228,-46,-14,1500,1500,4056,3671,3655,4086,4167,231,3916,210
43328,-47,-15,1500,1500,4055,3663,3647,4086,4167,231,3916,208
43429,-50,-14,1500,1500,4054,3661,3643,4086,4159,230,3912,209
43530,-53,-15,1500,1500,4052,3662,3643,4086,4163,230,3908,209
43630,-52,-16,1500,1500,4052,3664,3646,4086,4163,230,3916,205
43746,-47,-19,1500,1500,4053,3665,3651,4086,4155,230,3902,222
43855,-50,-20,1500,1500,4051,3667,3652,4086,4134,229,3920,317
43961,-47,-17,1500,1500,4054,3668,3653,4086,4162,229,3916,208
44062,-49,-21,1500,1500,4051,3666,3652,4086,4163,230,3916,221
44162,-49,-23,1500,1500,4050,3662,3649,4086,4163,231,3912,209
44262,-48,-24,1500,1500,4050,3658,3646,4086,4167,235,3920,209
44362,-48,-24,1500,1500,4050,3656,3644,4086,4167,234,3917,210
44469,-48,-28,1500,1500,4048,3657,3647,4086,4167,233,3916,206
44570,-47,-29,1500,1500,4049,3659,3650,4087,4163,233,3916,205
44670,-46,-28,1500,1500,4050,3660,3651,4087,4167,234,3916,206
44770,-43,-23,1500,1500,4054,3658,3648,4087,4167,235,3916,207
44870,-45,-25,1500,1500,4051,3654,3644,4086,4171,237,3922,223
44979,-49,-29,1500,1500,4047,3652,3642,4086,4171,237,3916,209
45080,-45,-29,1500,1500,4049,3654,3646,4086,4167,236,3917,209
45180,-46,-32,1500,1500,4047,3657,3650,4086,4167,236,3916,205
45280,-44,-30,1500,1500,4049,3660,3653,4086,4167,236,3916,208
45380,-42,-32,1500,1500,4049,3661,3656,4086,4167,235,3910,208
45486,-42,-34,1500,1500,4048,3663,3659,4086,4167,235,3916,206
45587,-43,-31,1500,1500,4049,3670,3664,4086,4167,234,3916,206
45687,-39,-17,1500,1500,4058,3683,3672,4086,4167,233,3916,208
45792,-39,-3,1500,1500,4065,3699,3681,4086,4163,232,3916,208
45908,-40,4,1500,1500,4068,3714,3692,4086,4155,231,3910,212
46008,-39,9,1500,1500,4071,3723,3699,4086,4163,231,3916,208
46109,-37,13,1500,1500,4074,3729,3704,4086,4163,230,3912,207
46209,-37,13,1500,1500,4074,3732,3707,4086,4167,231,3916,207
46309,-39,11,1500,1500,4072,3731,3706,4086,4159,232,3916,208
46415,-40,6,1500,1500,4069,3728,3705,4086,4159,233,3917,221
46524,-43,3,1500,1500,4067,3727,3704,4087,4159,231,3912,209
46625,-40,6,1500,1500,4070,3728,3705,4087,4159,229,3916,209
46725,-42,10,1500,1500,4071,3730,3704,4087,4154,229,3912,209
46830,-41,11,1500,1500,4072,3725,3699,4087,4163,232,3918,208
46935,-40,-2,1500,1500,4066,3705,3686,4087,4167,233,3916,205
47035,-41,-15,1500,1500,4058,3678,3665,4086,4167,236,3916,206
47136,-58,-8,1500,1500,4053,3658,3633,4086,4171,238,3920,206
47236,-64,-16,1500,1500,4046,3640,3616,4086,4171,238,3916,205
47336,-60,-28,1500,1500,4042,3632,3616,4086,4167,237,3920,208
47443,-49,-37,1500,1500,4043,3644,3638,4086,4163,232,3916,209
47543,-52,-6,1500,1500,4057,3683,3660,4086,4158,227,3912,208
47644,-45,13,1500,1500,4070,3709,3680,4086,4158,225,3912,208
47744,-44,20,1500,1500,4074,3721,3689,4086,4158,228,3912,208
47844,-44,16,1500,1500,4072,3717,3687,4086,4159,233,3916,206
47945,-42,-8,1500,1500,4061,3694,3677,4086,4167,236,3916,205
48045,-40,-26,1500,1500,4054,3676,3669,4087,4167,235,3917,205
48146,-41,-25,1500,1500,4054,3677,3669,4087,4147,233,3913,205
48246,-40,-10,1500,1500,4061,3689,3674,4086,4163,231,3920,208
48346,-42,-2,1500,1500,4064,3697,3677,4086,4163,231,3912,208
48453,-43,-3,1500,1500,4063,3693,3673,4086,4167,233,3916,208
48553,-43,-17,1500,1500,4056,3678,3665,4086,4171,234,3916,208
48654,-45,-29,1500,1500,4049,3663,3655,4086,4167,233,3916,209
48758,-52,-24,1500,1500,4048,3654,3640,4086,4163,234,3916,209
48858,-61,-15,1500,1500,4048,3649,3626,4086,4167,237,3916,209
48965,-62,-22,1500,1500,4044,3645,3625,4086,4171,237,3916,209
49067,-55,-35,1500,1500,4041,3649,3639,4086,4167,235,3912,207
49176,-51,-17,1500,1500,4053,3683,3666,4087,4154,229,3912,209
49276,-44,4,1500,1500,4067,3711,3687,4087,4154,225,3912,208
49376,-42,18,1500,1500,4075,3727,3697,4087,4154,226,3916,205
49484,-42,14,1500,1500,4073,3717,3689,4087,4163,232,3916,205
49585,-59,3,1500,1500,4059,3682,3651,4087,4167,235,3916,217
49685,-46,-42,1500,1500,4037,3627,3625,4081,4151,239,3888,318
49787,-21,-81,1500,1500,4021,3587,3617,4072,4172,241,3917,204
49904,0,-118,1500,1500,4010,3561,3620,4069,4168,240,3914,209
50004,-20,-86,1500,1500,4022,3580,3613,4075,4167,236,3916,213
50105,-32,-48,1500,1500,4041,3629,3637,4081,4158,229,3912,207
50205,-41,-5,1500,1500,4061,3680,3662,4084,4158,227,3913,209
50305,-43,11,1500,1500,4069,3703,3676,4085,4159,230,3916,209
50420,-48,-2,1500,1500,4060,3685,3662,4085,4167,236,3916,205
50520,-65,-9,1500,1500,4048,3655,3627,4085,4175,239,3916,206
50621,-57,-47,1500,1500,4030,3613,3608,4082,4172,240,3916,205
50722,-54,-62,1500,1500,4023,3594,3598,4081,4167,239,3918,206
50827,-66,-34,1500,1500,4033,3610,3594,4083,4171,237,3912,209
50933,-67,-21,1500,1500,4040,3630,3607,4084,4167,234,3916,205
51033,-57,-23,1500,1500,4045,3645,3628,4085,4163,232,3916,205
51134,-51,-23,1500,1500,4049,3653,3639,4086,4167,233,3916,206
51234,-57,-17,1500,1500,4049,3651,3631,4086,4167,235,3916,206
51334,-64,-12,1500,1500,4048,3642,3616,4086,4171,238,3916,207
51443,-58,-34,1500,1500,4038,3616,3604,4084,4171,240,3916,207
51543,-52,-60,1500,1500,4027,3594,3598,4083,4172,240,3916,208
51644,-61,-49,1500,1500,4029,3600,3594,4084,4176,240,3920,208
51750,-76,-22,1500,1500,4036,3624,3597,4085,4167,238,3916,208
51850,-67,-23,1500,1500,4041,3639,3617,4086,4167,237,3916,206
51952,-57,-25,1500,1500,4045,3648,3632,4086,4167,236,3916,208
52052,-55,-21,1500,1500,4048,3649,3632,4086,4167,237,3916,205
52153,-62,-12,1500,1500,4049,3645,3620,4086,4171,239,3916,205
52253,-56,-26,1500,1500,4045,3627,3612,4086,4176,241,3916,206
52353,-42,-52,1500,1500,4039,3605,3610,4086,4176,241,3916,207
52458,-38,-66,1500,1500,4032,3592,3606,4084,4176,240,3916,208
52558,-44,-58,1500,1500,4033,3596,3603,4084,4171,239,3920,205
52659,-57,-37,1500,1500,4038,3610,3600,4085,4171,239,3916,206
52764,-64,-16,1500,1500,4046,3624,3600,4086,4175,239,3916,208
52864,-69,-3,1500,1500,4050,3634,3601,4086,4171,239,3916,209
52971,-67,3,1500,1500,4053,3637,3602,4085,4172,240,3916,208
53071,-64,2,1500,1500,4055,3635,3602,4086,4171,239,3916,205
53172,-61,-9,1500,1500,4051,3630,3604,4086,4176,240,3916,205
53272,-56,-20,1500,1500,4047,3623,3605,4085,4172,240,3916,207
53372,-50,-40,1500,1500,4041,3609,3604,4086,4172,241,3920,207
53478,-40,-62,1500,1500,4035,3595,3606,4086,4172,241,3920,209
53578,-35,-71,1500,1500,4033,3589,3607,4086,4172,241,3916,209
53679,-34,-66,1500,1500,4035,3592,3608,4085,4176,240,3916,208
53785,-46,-46,1500,1500,4040,3607,3607,4086,4172,239,3916,206
53903,-56,-14,1500,1500,4051,3627,3606,4086,4167,239,3909,216
54012,-61,-5,1500,1500,4053,3634,3606,4086,4172,240,3916,202
54112,-54,-18,1500,1500,4050,3625,3607,4086,4167,235,3912,206
54213,-38,-48,1500,1500,4042,3605,3610,4085,4167,236,3916,206
54313,-27,-71,1500,1500,4036,3591,3613,4085,4167,237,3916,207
54419,-26,-74,1500,1500,4034,3588,3612,4084,4167,237,3916,209
54519,-32,-62,1500,1500,4038,3595,3610,4085,4167,236,3917,210
54619,-37,-57,1500,1500,4038,3598,3608,4085,4171,237,3919,206
54720,-25,-69,1500,1500,4038,3592,3614,4085,4171,238,3916,205
54821,-15,-85,1500,1500,4035,3584,3619,4085,4172,240,3912,205
54927,-18,-78,1500,1500,4038,3588,3618,4086,4171,239,3920,208
55027,-37,-51,1500,1500,4042,3604,3611,4086,4171,237,3916,209
55127,-49,-29,1500,1500,4047,3618,3608,4086,4167,236,3916,207
55228,-58,-20,1500,1500,4047,3625,3606,4086,4167,237,3916,208
55328,-54,-26,1500,1500,4046,3622,3608,4086,4167,237,3917,210
55435,-53,-31,1500,1500,4044,3620,3609,4086,4143,237,3876,315
55535,-63,-13,1500,1500,4048,3632,3607,4086,4167,236,3916,205
55635,-74,6,1500,1500,4052,3646,3606,4086,4163,235,3916,207
55752,-81,21,1500,1500,4056,3662,3611,4086,4163,235,3910,224
55852,-81,23,1500,1500,4057,3667,3615,4086,4167,236,3916,208
55959,-74,18,1500,1500,4058,3661,3615,4086,4171,238,3916,210
56059,-65,1,1500,1500,4054,3649,3616,4086,4175,240,3912,208
56161,-64,0,1500,1500,4054,3643,3611,4086,4171,238,3916,205
56270,-68,4,1500,1500,4054,3645,3609,4086,4167,236,3916,210
56370,-70,14,1500,1500,4058,3652,3610,4086,4167,235,3916,208
56475,-70,20,1500,1500,4061,3660,3615,4086,4167,235,3916,207
56575,-67,21,1500,1500,4063,3662,3618,4086,4167,238,3913,208
56676,-65,19,1500,1500,4063,3659,3617,4086,4167,237,3916,209
56778,-58,2,1500,1500,4058,3647,3617,4086,4167,237,3917,209
56878,-48,-22,1500,1500,4051,3630,3617,4086,4167,238,3916,208
56986,-45,-35,1500,1500,4046,3622,3617,4086,4167,238,3916,209
57086,-54,-20,1500,1500,4048,3630,3613,4085,4171,238,3916,209
57187,-65,3,1500,1500,4055,3645,3611,4086,4167,236,3912,209
57287,-74,18,1500,1500,4058,3661,3615,4086,4167,235,3912,207
57387,-76,24,1500,1500,4060,3669,3619,4086,4167,236,3910,209
57488,-73,25,1500,1500,4062,3665,3616,4086,4167,237,3917,208
57588,-59,-5,1500,1500,4054,3645,3618,4086,4172,240,3916,205
57689,-45,-31,1500,1500,4048,3628,3621,4086,4168,241,3916,207
57798,-50,-26,1500,1500,4048,3628,3616,4086,4171,238,3916,206
57906,-61,-7,1500,1500,4052,3638,3611,4086,4159,238,3910,209
58006,-61,-1,1500,1500,4055,3640,3610,4086,4171,239,3920,208
58106,-47,-15,1500,1500,4055,3632,3616,4086,4172,241,3916,208
58207,-33,-41,1500,1500,4049,3617,3621,4086,4176,241,3916,209
58307,-28,-58,1500,1500,4043,3607,3622,4086,4172,240,3916,208
58413,-38,-56,1500,1500,4039,3606,3615,4086,4167,239,3910,226
58522,-46,-44,1500,1500,4041,3610,3609,4086,4171,239,3916,205
58622,-44,-42,1500,1500,4043,3611,3610,4086,4172,240,3916,207
58724,-36,-50,1500,1500,4043,3609,3616,4086,4168,240,3916,210
58827,-30,-56,1500,1500,4043,3606,3619,4086,4171,238,3916,205
58932,-25,-67,1500,1500,4039,3601,3622,4085,4167,239,3916,206
59032,-20,-72,1500,1500,4039,3596,3622,4085,4171,238,3916,209
59132,-19,-75,1500,1500,4037,3596,3624,4084,4171,239,3916,209
59233,-19,-77,1500,1500,4034,3598,3627,4082,4172,243,3916,208
59333,-16,-74,1500,1500,4034,3602,3631,4079,4176,243,3920,205
59440,-11,-75,1500,1500,4035,3604,3636,4078,4172,241,3916,206
59540,-8,-82,1500,1500,4033,3603,3640,4078,4176,240,3920,207
59640,-15,-77,1500,1500,4034,3603,3634,4080,4167,238,3917,209
59747,-39,-39,1500,1500,4043,3619,3619,4082,4167,238,3914,220
59847,-58,-8,1500,1500,4051,3637,3612,4084,4171,238,3912,208
59952,-63,5,1500,1500,4056,3643,3609,4085,4171,238,3912,208
